{
  "dataset": "Fake-or-Real (FoR), for-norm deterministic subset",
  "splits": {
    "train": 600,
    "validation": 200,
    "test": 300
  },
  "validation": {
    "accuracy": 0.915,
    "f1": 0.9154228855721394,
    "roc_auc": 0.96265,
    "eer": 0.08499999999999998,
    "eer_threshold": 0.544,
    "decision_threshold": 0.544,
    "per_class_accuracy": {
      "genuine": 0.91,
      "deepfake": 0.92
    },
    "confusion_matrix": [
      [
        91,
        9
      ],
      [
        8,
        92
      ]
    ],
    "classification_report": {
      "Genuine": {
        "precision": 0.9191919191919192,
        "recall": 0.91,
        "f1-score": 0.914572864321608,
        "support": 100.0
      },
      "Deepfake": {
        "precision": 0.9108910891089109,
        "recall": 0.92,
        "f1-score": 0.9154228855721394,
        "support": 100.0
      },
      "accuracy": 0.915,
      "macro avg": {
        "precision": 0.9150415041504151,
        "recall": 0.915,
        "f1-score": 0.9149978749468737,
        "support": 200.0
      },
      "weighted avg": {
        "precision": 0.9150415041504151,
        "recall": 0.915,
        "f1-score": 0.9149978749468737,
        "support": 200.0
      }
    },
    "samples": 200
  },
  "test": {
    "accuracy": 0.77,
    "f1": 0.7781350482315113,
    "roc_auc": 0.8196666666666668,
    "eer": 0.22999999999999998,
    "eer_threshold": 0.674,
    "decision_threshold": 0.544,
    "per_class_accuracy": {
      "genuine": 0.7333333333333333,
      "deepfake": 0.8066666666666666
    },
    "confusion_matrix": [
      [
        110,
        40
      ],
      [
        29,
        121
      ]
    ],
    "classification_report": {
      "Genuine": {
        "precision": 0.7913669064748201,
        "recall": 0.7333333333333333,
        "f1-score": 0.7612456747404844,
        "support": 150.0
      },
      "Deepfake": {
        "precision": 0.7515527950310559,
        "recall": 0.8066666666666666,
        "f1-score": 0.7781350482315113,
        "support": 150.0
      },
      "accuracy": 0.77,
      "macro avg": {
        "precision": 0.771459850752938,
        "recall": 0.77,
        "f1-score": 0.7696903614859978,
        "support": 300.0
      },
      "weighted avg": {
        "precision": 0.771459850752938,
        "recall": 0.77,
        "f1-score": 0.7696903614859978,
        "support": 300.0
      }
    },
    "samples": 300
  }
}